Date,Open,High,Low,Close,Volume,Adj Close
2011-12-21,5918.72,5965.35,5771.62,5791.53,29979400,5791.53
2011-12-20,5652.61,5847.71,5637.53,5847.03,27147600,5847.03
2011-12-19,5651.74,5775.24,5644.19,5670.71,22079300,5670.71
2011-12-16,5764.45,5775.00,5693.41,5701.78,67660200,5701.78
2011-12-15,5713.48,5795.87,5682.16,5730.62,31639100,5730.62
2011-12-14,5738.98,5771.60,5675.14,5675.14,33441100,5675.14
2011-12-13,5801.39,5852.43,5734.12,5774.26,30398500,5774.26
2011-12-12,5945.19,5952.55,5785.43,5785.43,31442300,5785.43
2011-12-09,5806.49,6007.05,5802.36,5986.71,34722300,5986.71
2011-12-08,6054.56,6077.17,5868.63,5874.44,36845900,5874.44
2011-12-07,6116.26,6137.05,5919.56,5994.73,32189300,5994.73
2011-12-06,6021.73,6094.77,6005.82,6028.82,37175200,6028.82
2011-12-05,6137.87,6170.04,6086.42,6106.09,31904300,6106.09
2011-12-02,6117.73,6169.64,6055.48,6080.68,36316300,6080.68
2011-12-01,6080.48,6111.97,6017.38,6035.88,33757700,6035.88
2011-11-30,5741.21,6130.68,5725.98,6088.84,54927900,6088.84
2011-11-29,5725.68,5826.35,5690.57,5799.91,28463200,5799.91
2011-11-28,5577.19,5754.51,5573.00,5745.33,33258600,5745.33
2011-11-25,5433.30,5528.64,5366.50,5492.87,23161100,5492.87
2011-11-24,5512.77,5563.77,5399.90,5428.15,000,5428.15
2011-11-23,5485.67,5588.11,5457.77,5457.77,34499500,5457.77
2011-11-22,5648.50,5681.74,5537.39,5537.39,27129100,5537.39
2011-11-21,5767.09,5771.70,5598.05,5606.00,32730600,5606.00
2011-11-18,5800.79,5897.99,5769.69,5800.24,30460700,5800.24
2011-11-17,5875.86,5921.25,5778.10,5850.17,31285500,5850.17
2011-11-16,5873.29,6028.23,5852.04,5913.36,28104800,5913.36
2011-11-15,5920.43,6011.47,5815.85,5933.14,30809600,5933.14
2011-11-14,6097.27,6116.07,5934.09,5985.02,26255000,5985.02
2011-11-11,5881.49,6065.29,5855.12,6057.03,30712700,6057.03
2011-11-10,5732.32,5934.31,5721.97,5867.81,37153400,5867.81
2011-11-09,6045.87,6055.58,5767.26,5829.54,41995700,5829.54
2011-11-08,5950.44,6087.06,5934.23,5961.44,28072000,5961.44
2011-11-07,5905.93,6028.59,5835.09,5928.68,31556100,5928.68
2011-11-04,6175.43,6175.43,5928.92,5966.16,35795800,5966.16
2011-11-03,5835.36,6193.34,5832.03,6133.18,50326400,6133.18
2011-11-02,5897.14,5990.56,5810.79,5965.63,34051300,5965.63
2011-11-01,5934.54,5947.58,5762.26,5834.51,50911300,5834.51
2011-10-31,6283.19,6304.84,6141.34,6141.34,34570100,6141.34
2011-10-28,6364.18,6430.60,6305.50,6346.19,41487900,6346.19
2011-10-27,6222.75,6347.60,6196.60,6337.84,62548700,6337.84
2011-10-26,6041.16,6143.56,5951.82,6016.07,31283600,6016.07
2011-10-25,6026.45,6157.93,5964.28,6046.75,32778700,6046.75
2011-10-24,6014.36,6067.16,5937.58,6055.27,27538400,6055.27
2011-10-21,5800.06,5980.46,5769.19,5970.96,37582400,5970.96
2011-10-20,5834.42,5914.87,5752.83,5766.48,36015000,5766.48
2011-10-19,5909.58,5977.75,5874.85,5913.53,27125000,5913.53
2011-10-18,5781.77,5907.46,5747.65,5877.41,28418800,5877.41
2011-10-17,6021.29,6081.41,5819.97,5859.43,31908700,5859.43
2011-10-14,5934.78,6037.29,5885.39,5967.20,34489800,5967.20
2011-10-13,5969.91,6036.02,5878.29,5914.84,36374900,5914.84
2011-10-12,5851.10,6022.05,5798.16,5994.47,37347200,5994.47
2011-10-11,5825.91,5883.38,5773.88,5865.01,29914000,5865.01
2011-10-10,5705.40,5872.15,5652.99,5847.29,30469800,5847.29
2011-10-07,5647.66,5749.13,5606.32,5675.70,33773200,5675.70
2011-10-06,5511.56,5645.25,5465.55,5645.25,43781800,5645.25
2011-10-05,5341.43,5486.03,5266.14,5473.03,36853500,5473.03
2011-10-04,5284.11,5288.78,5125.44,5216.71,38128100,5216.71
2011-10-03,5311.93,5437.74,5289.04,5376.70,26285300,5376.70
2011-09-30,5602.55,5606.56,5438.55,5502.02,36597800,5502.02
2011-09-29,5555.07,5704.41,5533.33,5639.58,32227500,5639.58
2011-09-28,5560.60,5700.08,5520.59,5578.42,33258200,5578.42
2011-09-27,5502.89,5638.04,5483.23,5628.44,47598100,5628.44
2011-09-26,5128.56,5415.56,5118.19,5345.56,41842700,5345.56
2011-09-23,5227.09,5229.60,4973.92,5196.56,40802700,5196.56
2011-09-22,5258.42,5289.77,5135.85,5164.21,42986900,5164.21
2011-09-21,5557.07,5557.92,5417.85,5433.80,29222200,5433.80
2011-09-20,5373.53,5577.60,5369.07,5571.68,30618100,5571.68
2011-09-19,5447.32,5496.94,5362.01,5415.91,31196400,5415.91
2011-09-16,5607.51,5655.95,5524.22,5573.51,83673300,5573.51
2011-09-15,5386.86,5566.58,5374.57,5508.24,44832400,5508.24
2011-09-14,5108.10,5347.82,5105.82,5340.19,43360500,5340.19
2011-09-13,5153.95,5222.81,4969.84,5166.36,43188900,5166.36
2011-09-12,5063.59,5126.52,4965.80,5072.33,43750200,5072.33
2011-09-09,5383.63,5400.79,5174.24,5189.93,38534000,5189.93
2011-09-08,5410.08,5473.68,5313.78,5408.46,32435100,5408.46
2011-09-07,5332.52,5406.23,5276.88,5405.53,36320800,5405.53
2011-09-06,5248.31,5332.11,5150.05,5193.97,44398800,5193.97
2011-09-05,5409.90,5421.10,5208.40,5246.20,000,5246.20
2011-09-02,5623.70,5635.50,5493.31,5538.33,35729600,5538.33
2011-09-01,5793.10,5794.50,5639.03,5730.63,37537700,5730.63
2011-08-31,5686.26,5869.65,5648.97,5784.85,49542100,5784.85
2011-08-30,5713.53,5730.36,5572.65,5643.92,26854200,5643.92
2011-08-29,5634.06,5714.72,5587.78,5670.07,19843600,5670.07
2011-08-26,5582.50,5588.69,5403.58,5537.48,36127500,5537.48
2011-08-25,5739.86,5777.04,5451.52,5584.14,46227600,5584.14
2011-08-24,5579.80,5743.10,5514.15,5681.08,36724000,5681.08
2011-08-23,5529.26,5636.06,5452.15,5532.38,35757400,5532.38
2011-08-22,5412.75,5591.35,5408.71,5473.78,33877900,5473.78
2011-08-19,5581.51,5595.15,5345.36,5480.00,63842800,5480.00
2011-08-18,5854.36,5892.57,5535.61,5602.80,53714100,5602.80
2011-08-17,5910.50,6018.37,5870.17,5948.94,30907200,5948.94
2011-08-16,5957.94,5998.31,5849.52,5994.90,34177600,5994.90
2011-08-15,6075.59,6106.11,6008.01,6022.24,30978100,6022.24
2011-08-12,5775.96,6023.75,5678.62,5997.74,52384600,5997.74
2011-08-11,5771.21,5825.08,5487.82,5797.66,72182900,5797.66
2011-08-10,6040.68,6089.08,5549.02,5613.42,87252800,5613.42
2011-08-09,5896.14,6026.27,5502.63,5917.08,95099500,5917.08
2011-08-08,6170.69,6272.94,5911.09,5923.27,71999800,5923.27
2011-08-05,6338.77,6436.66,6152.62,6236.16,81668200,6236.16
2011-08-04,6714.79,6730.43,6391.54,6414.76,64343200,6414.76
2011-08-03,6717.84,6783.07,6543.60,6640.59,60276900,6640.59
2011-08-02,6909.43,6938.34,6772.38,6796.75,46228700,6796.75
2011-08-01,7254.50,7282.01,6953.98,6953.98,42809200,6953.98
2011-07-29,7108.27,7190.91,7063.82,7158.77,38125300,7158.77
2011-07-28,7163.95,7203.01,7110.13,7190.06,44256400,7190.06
2011-07-27,7315.75,7344.17,7216.58,7252.68,36552400,7252.68
2011-07-26,7369.89,7382.80,7302.50,7349.45,30274400,7349.45
2011-07-25,7273.60,7366.78,7258.52,7344.54,25257100,7344.54
2011-07-22,7308.48,7357.25,7266.79,7326.39,31435600,7326.39
2011-07-21,7063.02,7063.02,7063.02,7063.02,000,7063.02
2011-07-20,7250.18,7263.18,7166.37,7221.36,33754900,7221.36
2011-07-19,7148.48,7236.44,7139.76,7192.67,000,7192.67
2011-07-18,7162.82,7171.55,7089.09,7107.92,35099200,7107.92
2011-07-15,7188.70,7254.10,7139.68,7220.12,43506900,7220.12
2011-07-14,7204.94,7267.28,7197.49,7214.74,000,7214.74
2011-07-13,7171.47,7280.16,7163.09,7267.87,35735100,7267.87
2011-07-12,7112.19,7190.47,6996.26,7174.14,52912600,7174.14
2011-07-11,7352.73,7358.50,7188.96,7230.25,41724900,7230.25
2011-07-08,7502.83,7523.53,7389.80,7402.73,36224100,7402.73
2011-07-07,7467.82,7516.15,7442.98,7471.44,34618500,7471.44
2011-07-06,7443.93,7450.71,7396.74,7431.19,31339000,7431.19
2011-07-05,7433.13,7474.93,7424.73,7439.44,26160900,7439.44
2011-07-04,7427.14,7450.38,7416.73,7442.96,19069400,7442.96
2011-07-01,7374.49,7443.20,7357.03,7419.44,32625500,7419.44
2011-06-30,7310.34,7378.35,7285.44,7376.24,32845500,7376.24
2011-06-29,7230.95,7320.30,7230.95,7294.14,38853400,7294.14
2011-06-28,7138.50,7187.08,7075.19,7170.43,37509000,7170.43
2011-06-27,7101.15,7144.44,7079.11,7107.90,28088600,7107.90
2011-06-24,7231.73,7273.32,7099.22,7121.38,40547100,7121.38
2011-06-23,7225.20,7237.20,7118.52,7149.44,36758600,7149.44
2011-06-22,7285.93,7310.10,7262.37,7278.19,30854200,7278.19
2011-06-21,7202.88,7285.51,7176.74,7285.51,32716900,7285.51
2011-06-20,7078.59,7158.24,7063.86,7150.21,26636300,7150.21
2011-06-17,7084.27,7224.11,7037.24,7164.05,80652900,7164.05
2011-06-16,7062.18,7111.64,7017.98,7110.20,39600000,7110.20
2011-06-15,7178.05,7202.17,7093.23,7115.08,33491000,7115.08
2011-06-14,7165.14,7231.49,7161.21,7204.79,30373600,7204.79
2011-06-13,7075.91,7123.88,7040.42,7085.14,15918000,7085.14
2011-06-10,7152.55,7182.83,7050.84,7069.90,33949100,7069.90
2011-06-09,7061.87,7183.78,7035.86,7159.66,33056200,7159.66
2011-06-08,7076.31,7089.15,6991.62,7060.23,32893900,7060.23
2011-06-07,7094.14,7147.63,7086.90,7103.25,27143900,7103.25
2011-06-06,7095.40,7124.31,7062.73,7084.57,25762500,7084.57
2011-06-03,7101.48,7120.12,7021.36,7109.03,32161500,7109.03
2011-06-02,7155.86,7157.59,7074.12,7074.12,24048200,7074.12
2011-06-01,7310.56,7314.66,7193.89,7217.43,33434200,7217.43
2011-05-31,7240.12,7319.69,7238.77,7293.69,44550500,7293.69
2011-05-30,7165.00,7204.16,7146.98,7160.30,000,7160.30
2011-05-27,7205.13,7208.48,7115.48,7163.47,30986900,7163.47
2011-05-26,7202.72,7217.24,7087.32,7114.09,46009500,7114.09
2011-05-25,7079.25,7183.80,7071.42,7170.94,47196600,7170.94
2011-05-24,7129.94,7202.21,7128.04,7150.66,33377800,7150.66
2011-05-23,7158.08,7166.15,7105.20,7121.52,37996000,7121.52
2011-05-20,7372.18,7410.31,7228.13,7266.82,81539300,7266.82
2011-05-19,7360.47,7415.65,7316.74,7358.23,33279100,7358.23
2011-05-18,7325.85,7340.54,7261.29,7303.53,27277100,7303.53
2011-05-17,7346.81,7368.98,7253.89,7256.65,33967300,7256.65
2011-05-16,7348.12,7402.52,7284.96,7387.54,36801300,7387.54
2011-05-13,7486.20,7511.09,7391.14,7403.31,34958000,7403.31
2011-05-12,7438.02,7443.95,7356.76,7443.95,51671100,7443.95
2011-05-11,7526.56,7566.41,7469.63,7495.05,40487200,7495.05
2011-05-10,7446.44,7533.86,7423.33,7501.52,33452900,7501.52
2011-05-09,7461.35,7489.09,7379.97,7410.52,41079200,7410.52
2011-05-06,7391.04,7501.63,7362.55,7492.25,62720800,7492.25
2011-05-05,7416.38,7423.96,7291.39,7376.96,66841700,7376.96
2011-05-04,7475.18,7534.26,7355.40,7373.93,66109600,7373.93
2011-05-03,7518.60,7523.68,7446.83,7500.70,53527000,7500.70
2011-05-02,7570.86,7600.41,7527.64,7527.64,27700000,7527.64
2011-04-29,7475.00,7514.69,7461.53,7514.46,35600000,7514.46
2011-04-28,7450.57,7480.33,7426.62,7475.22,53112200,7475.22
2011-04-27,7374.11,7428.72,7361.24,7404.95,33012900,7404.95
2011-04-26,7288.77,7359.97,7278.52,7356.51,24123700,7356.51
2011-04-25,7295.49,7295.49,7295.49,7295.49,000,7295.49
2011-04-21,7294.58,7316.53,7280.10,7295.49,32311400,7295.49
2011-04-20,7137.10,7261.26,7136.74,7249.19,47939500,7249.19
2011-04-19,7050.85,7078.79,7027.04,7039.31,38697300,7039.31
2011-04-18,7165.99,7174.75,6994.56,7026.85,40413800,7026.85
2011-04-15,7166.98,7193.38,7144.96,7178.29,59044100,7178.29
2011-04-14,7160.99,7184.93,7099.66,7146.56,31142900,7146.56
2011-04-13,7135.21,7201.12,7122.51,7177.97,46087100,7177.97
2011-04-12,7131.44,7177.74,7089.17,7102.91,45427200,7102.91
2011-04-11,7215.34,7224.74,7157.33,7204.86,31582800,7204.86
2011-04-08,7226.79,7232.87,7195.44,7217.02,31782400,7217.02
2011-04-07,7212.46,7241.09,7175.35,7178.78,33798000,7178.78
2011-04-06,7197.37,7242.69,7157.68,7215.11,35036600,7215.11
2011-04-05,7174.69,7186.35,7129.41,7175.31,33963400,7175.31
2011-04-04,7178.59,7200.26,7168.24,7175.33,24799500,7175.33
2011-04-01,7086.56,7192.38,7086.56,7179.81,36017900,7179.81
2011-03-31,7068.29,7079.76,7041.31,7041.31,31320500,7041.31
2011-03-30,7010.77,7065.27,7002.77,7057.15,33168800,7057.15
2011-03-29,6952.51,6960.16,6867.42,6934.44,27010700,6934.44
2011-03-28,6931.86,6981.19,6915.58,6938.63,23172600,6938.63
2011-03-25,6971.77,6985.25,6920.57,6946.36,27188200,6946.36
2011-03-24,6798.08,6941.72,6787.04,6933.58,33874800,6933.58
2011-03-23,6749.18,6807.38,6720.02,6804.45,30670600,6804.45
2011-03-22,6823.08,6826.03,6765.06,6780.97,32898100,6780.97
2011-03-21,6782.30,6829.75,6781.30,6816.12,49218800,6816.12
2011-03-18,6715.17,6761.31,6655.69,6664.40,103186200,6664.40
2011-03-17,6557.85,6692.83,6517.18,6656.88,48466700,6656.88
2011-03-16,6696.31,6733.03,6501.85,6513.84,60220200,6513.84
2011-03-15,6668.99,6714.83,6483.39,6647.66,89815800,6647.66
2011-03-14,6896.31,6946.44,6847.94,6866.63,54185000,6866.63
2011-03-11,7002.26,7014.02,6963.31,6981.49,46873100,6981.49
2011-03-10,7078.69,7109.71,7021.95,7063.09,39693500,7063.09
2011-03-09,7177.55,7217.54,7109.26,7131.80,35117700,7131.80
2011-03-08,7211.06,7222.16,7072.47,7164.75,35838600,7164.75
2011-03-07,7137.81,7270.81,7127.31,7161.93,28893000,7161.93
2011-03-04,7262.54,7311.25,7157.12,7178.90,33634300,7178.90
2011-03-03,7225.23,7294.04,7191.14,7225.96,31783400,7225.96
2011-03-02,7169.04,7202.58,7122.69,7181.12,36461600,7181.12
2011-03-01,7309.80,7356.33,7193.78,7223.30,36894600,7223.30
2011-02-28,7173.59,7305.49,7148.94,7272.32,35941200,7272.32
2011-02-25,7139.88,7194.02,7130.15,7185.17,34238300,7185.17
2011-02-24,7134.70,7156.05,7093.91,7130.50,47085000,7130.50
2011-02-23,7295.12,7310.73,7183.30,7194.60,36741300,7194.60
2011-02-22,7293.11,7350.95,7259.67,7318.35,39212800,7318.35
2011-02-21,7412.06,7441.82,7310.69,7321.81,32484400,7321.81
2011-02-18,7422.11,7427.30,7379.94,7426.81,49458200,7426.81
2011-02-17,7429.00,7434.93,7364.04,7405.51,37389200,7405.51
2011-02-16,7414.23,7438.42,7399.82,7414.30,45810600,7414.30
2011-02-15,7397.68,7420.69,7376.24,7400.04,36099500,7400.04
2011-02-14,7403.83,7424.36,7378.41,7396.63,26660000,7396.63
2011-02-11,7320.07,7390.48,7283.87,7371.20,34588400,7371.20
2011-02-10,7322.62,7340.87,7269.53,7340.28,36583200,7340.28
2011-02-09,7319.12,7350.78,7310.44,7320.90,28514000,7320.90
2011-02-08,7274.17,7325.03,7272.80,7323.24,35605000,7323.24
2011-02-07,7222.05,7287.66,7214.05,7283.62,31565200,7283.62
2011-02-04,7216.66,7226.64,7186.24,7216.21,31836400,7216.21
2011-02-03,7175.75,7198.98,7144.08,7193.68,34878500,7193.68
2011-02-02,7202.62,7222.13,7160.36,7183.67,40675400,7183.67
2011-02-01,7133.34,7190.75,7105.31,7184.27,38952900,7184.27
2011-01-31,7094.56,7107.37,7033.09,7077.48,31186300,7077.48
2011-01-28,7155.47,7177.23,7102.80,7102.80,34172300,7102.80
2011-01-27,7120.64,7180.15,7114.35,7155.58,38526300,7155.58
2011-01-26,7092.89,7160.86,7087.25,7127.35,38158300,7127.35
2011-01-25,7096.84,7102.08,7043.64,7059.01,51252800,7059.01
2011-01-24,7080.78,7089.62,7000.41,7067.77,49538600,7067.77
2011-01-21,7047.70,7122.89,7023.69,7062.42,64352000,7062.42
2011-01-20,7074.89,7084.24,7008.62,7024.27,48538600,7024.27
2011-01-19,7163.37,7165.00,7077.23,7082.76,36740100,7082.76
2011-01-18,7100.48,7156.25,7099.12,7143.45,37225200,7143.45
2011-01-17,7072.75,7087.43,7055.83,7078.06,24861600,7078.06
2011-01-14,7055.42,7083.02,7015.35,7075.70,42432900,7075.70
2011-01-13,7075.54,7084.07,7036.09,7075.11,44048700,7075.11
2011-01-12,6958.84,7070.40,6958.50,7068.78,38486700,7068.78
2011-01-11,6879.39,6951.19,6860.52,6941.57,36660200,6941.57
2011-01-10,6920.36,6941.39,6835.74,6857.06,28413200,6857.06
2011-01-07,6991.55,7010.89,6939.88,6947.84,29836200,6947.84
2011-01-06,6949.48,7047.59,6949.07,6981.39,30272800,6981.39
2011-01-05,6966.08,6967.24,6842.90,6939.82,42598700,6939.82
2011-01-04,6979.68,7025.86,6952.02,6975.35,28821900,6975.35
2011-01-03,6973.39,7026.62,6969.83,6989.74,20366700,6989.74
2010-12-31,6914.19,6914.19,6914.19,6914.19,000,6914.19
2010-12-30,6996.56,7008.12,6897.22,6914.19,14052700,6914.19
2010-12-29,6989.54,7008.31,6981.79,6995.47,12671600,6995.47
2010-12-28,6984.85,6990.81,6957.65,6972.10,11623400,6972.10
2010-12-27,7055.32,7056.34,6943.05,6970.73,15536800,6970.73
2010-12-23,7083.08,7083.08,7042.58,7057.69,14089000,7057.69
2010-12-22,7079.22,7084.10,7067.71,7067.92,18508800,7067.92
2010-12-21,7045.25,7087.84,7042.98,7077.99,22804500,7077.99
2010-12-20,7000.38,7068.56,6992.67,7018.60,25113400,7018.60
2010-12-17,7042.83,7043.15,6980.18,6982.45,76014900,6982.45
2010-12-16,7012.99,7033.03,6991.69,7024.40,25254100,7024.40
2010-12-15,7007.49,7029.74,6964.13,7016.37,31593300,7016.37
2010-12-14,7024.79,7032.65,7011.14,7027.40,23583600,7027.40
2010-12-13,7027.58,7044.87,7017.60,7029.39,23170800,7029.39
2010-12-10,6987.69,7018.11,6973.32,7006.17,29143200,7006.17
2010-12-09,7017.99,7021.31,6947.90,6964.16,45373100,6964.16
2010-12-08,6976.19,7013.53,6956.67,6975.87,31056900,6975.87
2010-12-07,6987.88,7042.67,6962.10,7001.91,33585700,7001.91
2010-12-06,6970.24,6971.95,6926.57,6954.38,26083600,6954.38
2010-12-03,6947.31,6977.91,6914.50,6947.72,33961600,6947.72
2010-12-02,6895.77,6958.69,6840.65,6957.61,42149200,6957.61
2010-12-01,6748.36,6868.81,6736.69,6866.63,39402600,6866.63
2010-11-30,6732.59,6763.52,6655.94,6688.49,40637400,6688.49
2010-11-29,6867.77,6907.61,6697.97,6697.97,38812100,6697.97
2010-11-26,6842.39,6871.71,6778.60,6848.98,31534500,6848.98
2010-11-25,6834.68,6885.81,6823.19,6879.66,26295500,6879.66
2010-11-24,6740.61,6833.70,6701.98,6823.80,37293500,6823.80
2010-11-23,6791.75,6827.83,6705.00,6705.00,35161100,6705.00
2010-11-22,6892.02,6901.93,6805.97,6822.05,29098500,6822.05
2010-11-19,6841.37,6854.09,6794.43,6843.55,42738800,6843.55
2010-11-18,6765.70,6835.54,6754.40,6832.11,29329200,6832.11
2010-11-17,6658.99,6705.19,6653.57,6700.07,24864000,6700.07
2010-11-16,6751.13,6772.01,6663.15,6663.24,33355900,6663.24
2010-11-15,6705.13,6812.96,6679.69,6790.17,34458600,6790.17
2010-11-12,6650.92,6758.59,6617.97,6734.61,37468500,6734.61
2010-11-11,6747.80,6750.39,6700.47,6723.41,34122100,6723.41
2010-11-10,6759.59,6783.69,6684.22,6719.84,41237200,6719.84
2010-11-09,6742.05,6810.86,6736.63,6787.81,32465800,6787.81
2010-11-08,6746.44,6759.41,6728.35,6750.50,25373400,6750.50
2010-11-05,6743.56,6775.17,6712.47,6754.20,35627200,6754.20
2010-11-04,6677.78,6757.29,6676.42,6734.69,39901300,6734.69
2010-11-03,6666.07,6682.91,6604.75,6617.80,27328100,6617.80
2010-11-02,6600.41,6668.93,6597.46,6654.31,24046400,6654.31
2010-11-01,6637.09,6670.90,6586.01,6604.86,25403100,6604.86
2010-10-29,6585.97,6630.98,6569.25,6601.37,33007700,6601.37
2010-10-28,6600.28,6644.61,6576.02,6595.28,34311700,6595.28
2010-10-27,6591.24,6629.13,6553.25,6568.00,37387200,6568.00
2010-10-26,6634.24,6645.70,6580.28,6613.80,31144200,6613.80
2010-10-25,6645.45,6668.54,6625.83,6639.21,23578000,6639.21
2010-10-22,6594.90,6623.94,6586.40,6605.84,24196400,6605.84
2010-10-21,6514.99,6621.84,6504.66,6611.01,30509500,6611.01
2010-10-20,6470.30,6527.85,6461.48,6524.55,26325000,6524.55
2010-10-19,6508.36,6544.79,6472.18,6490.69,29970200,6490.69
2010-10-18,6465.83,6533.83,6462.59,6516.63,25772600,6516.63
2010-10-15,6478.00,6512.78,6438.78,6492.30,48250000,6492.30
2010-10-14,6446.32,6485.71,6445.32,6455.27,31846200,6455.27
2010-10-13,6339.76,6456.27,6335.22,6434.52,39405000,6434.52
2010-10-12,6257.03,6316.77,6228.39,6304.57,29308300,6304.57
2010-10-11,6308.43,6325.31,6289.36,6309.51,20361900,6309.51
2010-10-08,6269.48,6295.09,6239.43,6291.67,30996700,6291.67
2010-10-07,6278.61,6321.79,6233.14,6276.25,30503800,6276.25
2010-10-06,6248.81,6289.56,6242.52,6270.73,35882100,6270.73
2010-10-05,6132.12,6233.45,6115.87,6215.83,33121300,6215.83
2010-10-04,6205.00,6210.25,6128.54,6134.21,28583000,6134.21
2010-10-01,6244.06,6293.09,6187.22,6211.34,40205100,6211.34
2010-09-30,6214.02,6339.36,6204.69,6229.02,38524700,6229.02
2010-09-29,6296.28,6326.34,6223.14,6246.92,34768700,6246.92
2010-09-28,6258.20,6311.92,6197.96,6276.09,34090000,6276.09
2010-09-27,6307.87,6324.09,6272.17,6278.89,28926800,6278.89
2010-09-24,6173.89,6310.28,6146.42,6298.30,36674600,6298.30
2010-09-23,6252.31,6263.74,6129.44,6184.71,32363100,6184.71
2010-09-22,6286.33,6297.40,6192.43,6208.33,38750300,6208.33
2010-09-21,6281.07,6339.97,6275.98,6275.98,36518100,6275.98
2010-09-20,6231.28,6301.63,6219.85,6294.58,28489200,6294.58
2010-09-17,6297.93,6321.20,6185.74,6209.76,83782200,6209.76
2010-09-16,6255.14,6281.10,6233.97,6249.65,29403500,6249.65
2010-09-15,6282.52,6288.20,6227.20,6261.87,27933900,6261.87
2010-09-14,6261.78,6287.78,6231.38,6275.41,31979400,6275.41
2010-09-13,6258.51,6290.87,6231.52,6261.68,28716900,6261.68
2010-09-10,6186.22,6224.65,6182.56,6214.77,29874500,6214.77
2010-09-09,6141.84,6233.07,6133.99,6221.52,28191500,6221.52
2010-09-08,6099.33,6180.38,6062.65,6164.44,27335100,6164.44
2010-09-07,6136.92,6138.93,6083.20,6117.89,20940300,6117.89
2010-09-06,6156.29,6164.93,6140.98,6155.04,17930500,6155.04
2010-09-03,6091.66,6178.01,6088.26,6134.62,28219900,6134.62
2010-09-02,6071.56,6104.09,6052.55,6083.85,27498300,6083.85
2010-09-01,5936.94,6087.94,5876.43,6083.90,34019300,6083.90
2010-08-31,5846.03,5925.81,5833.51,5925.22,28331400,5925.22
2010-08-30,5973.48,5978.19,5889.84,5912.41,13770700,5912.41
2010-08-27,5899.99,5957.32,5845.49,5951.17,26027900,5951.17
2010-08-26,5937.27,5948.91,5896.52,5912.58,23078700,5912.58
2010-08-25,5925.48,5954.96,5837.90,5899.50,29686600,5899.50
2010-08-24,5962.87,5975.83,5869.30,5935.44,26305300,5935.44
2010-08-23,6017.19,6055.23,5995.37,6010.91,19657100,6010.91
2010-08-20,6079.91,6097.35,5999.63,6005.16,33860400,6005.16
2010-08-19,6216.33,6229.46,6070.83,6075.13,30652900,6075.13
2010-08-18,6183.12,6216.55,6155.51,6186.31,22856200,6186.31
2010-08-17,6125.32,6215.35,6123.79,6206.40,26084800,6206.40
2010-08-16,6132.78,6156.57,6062.29,6110.57,20988900,6110.57
2010-08-13,6163.11,6168.71,6068.82,6110.41,27177100,6110.41
2010-08-12,6141.90,6173.42,6097.72,6135.17,30582400,6135.17
2010-08-11,6234.60,6236.57,6143.58,6154.07,30207000,6154.07
2010-08-10,6315.87,6333.25,6247.62,6286.25,24146100,6286.25
2010-08-09,6326.62,6356.41,6318.12,6351.60,21595500,6351.60
2010-08-06,6361.09,6386.97,6244.69,6259.63,36121700,6259.63
2010-08-05,6332.82,6382.56,6321.38,6333.58,33586300,6333.58
2010-08-04,6287.65,6361.67,6264.28,6331.33,29295200,6331.33
2010-08-03,6279.95,6310.32,6265.61,6307.91,28444300,6307.91
2010-08-02,6187.64,6304.26,6182.68,6292.13,30825200,6292.13
2010-07-30,6123.41,6184.54,6059.19,6147.97,30874800,6147.97
2010-07-29,6202.78,6243.42,6124.45,6134.70,32422600,6134.70
2010-07-28,6238.71,6249.16,6147.57,6178.94,28763900,6178.94
2010-07-27,6211.10,6253.64,6189.96,6207.31,40151400,6207.31
2010-07-26,6201.02,6201.14,6131.91,6194.21,19436700,6194.21
2010-07-23,6125.26,6190.24,6112.50,6166.34,25071000,6166.34
2010-07-22,5971.09,6148.13,5961.86,6142.15,30219900,6142.15
2010-07-21,6011.72,6060.49,5976.92,5990.38,22813700,5990.38
2010-07-20,6039.16,6052.51,5906.04,5967.49,25462800,5967.49
2010-07-19,6034.87,6083.12,5993.55,6009.11,22770200,6009.11
2010-07-16,6165.51,6205.44,6018.64,6040.27,45476800,6040.27
2010-07-15,6187.78,6248.07,6127.36,6149.36,29997400,6149.36
2010-07-14,6215.23,6226.54,6161.13,6209.76,26012000,6209.76
2010-07-13,6078.34,6200.82,6076.14,6191.13,31375300,6191.13
2010-07-12,6079.95,6119.70,6061.84,6077.19,18200900,6077.19
2010-07-09,6070.47,6078.56,6039.31,6065.24,21628200,6065.24
2010-07-08,6025.86,6057.52,6006.68,6035.66,30229900,6035.66
2010-07-07,5896.18,5997.82,5848.66,5992.86,31101600,5992.86
2010-07-06,5847.47,5995.64,5842.07,5940.98,28958800,5940.98
2010-07-05,5853.75,5861.05,5809.37,5816.20,15694000,5816.20
2010-07-02,5885.22,5941.22,5833.12,5834.15,27871200,5834.15
2010-07-01,5885.61,5953.84,5827.25,5857.43,37447100,5857.43
2010-06-30,5972.26,6001.03,5938.20,5965.52,29491100,5965.52
2010-06-29,6061.68,6068.82,5935.35,5952.03,33993600,5952.03
2010-06-28,6097.37,6168.99,6059.83,6157.22,22344600,6157.22
2010-06-25,6116.23,6149.87,6039.56,6070.60,28816200,6070.60
2010-06-24,6232.38,6235.48,6097.01,6115.48,30445200,6115.48
2010-06-23,6219.20,6271.85,6178.84,6204.52,26377700,6204.52
2010-06-22,6254.86,6295.58,6216.39,6269.04,25040800,6269.04
2010-06-21,6320.41,6330.81,6263.41,6292.97,26997700,6292.97
2010-06-18,6223.88,6256.55,6189.71,6216.98,106356600,6216.98
2010-06-17,6181.77,6241.36,6164.99,6223.54,31423100,6223.54
2010-06-16,6203.01,6207.30,6143.18,6190.91,32408100,6190.91
2010-06-15,6089.32,6194.25,6089.32,6175.05,29784300,6175.05
2010-06-14,6113.46,6137.25,6093.38,6125.00,28207400,6125.00
2010-06-11,6082.90,6084.70,5983.27,6047.83,35919300,6047.83
2010-06-10,5959.11,6089.43,5925.06,6056.59,36840800,6056.59
2010-06-09,5895.94,5993.93,5832.97,5984.75,33300400,5984.75
2010-06-08,5916.86,5922.95,5798.76,5868.55,47791900,5868.55
2010-06-07,5876.48,5954.47,5851.93,5904.95,32367400,5904.95
2010-06-04,6081.47,6114.58,5912.90,5938.88,36808500,5938.88
2010-06-03,6075.68,6101.83,6046.38,6054.63,27857500,6054.63
2010-06-02,5923.48,5992.21,5869.35,5981.20,27324700,5981.20
2010-06-01,5943.94,6012.04,5833.61,5981.27,32624200,5981.27
2010-05-31,5933.58,5993.94,5931.20,5964.33,12898800,5964.33
2010-05-28,5962.84,5980.78,5927.31,5946.18,30768600,5946.18
2010-05-27,5802.64,5952.21,5802.36,5937.14,56115700,5937.14
2010-05-26,5735.46,5828.37,5721.02,5758.02,46121000,5758.02
2010-05-25,5659.59,5690.25,5607.68,5670.04,48243900,5670.04
2010-05-24,5858.45,5872.07,5733.57,5805.68,24457800,5805.68
2010-05-21,5835.22,5872.65,5689.18,5829.25,122848200,5829.25
2010-05-20,6023.11,6043.84,5780.73,5867.88,57232900,5867.88
2010-05-19,6091.85,6124.81,5972.17,5988.67,51424000,5988.67
2010-05-18,6144.08,6181.26,6113.87,6155.93,34243400,6155.93
2010-05-17,6029.91,6151.54,6026.32,6066.92,40514200,6066.92
2010-05-14,6226.49,6233.71,6014.78,6056.71,50055800,6056.71
2010-05-13,6240.67,6276.80,6196.89,6251.97,34774900,6251.97
2010-05-12,6026.06,6217.24,6006.31,6183.49,53109300,6183.49
2010-05-11,5922.03,6042.11,5918.14,6037.71,46839700,6037.71
2010-05-10,5814.41,6017.91,5805.98,6017.91,81524900,6017.91
2010-05-07,5790.67,5905.35,5655.18,5715.09,89479600,5715.09
2010-05-06,5919.94,6009.48,5884.39,5908.26,79638100,5908.26
2010-05-05,6021.06,6031.09,5929.35,5958.45,73549600,5958.45
2010-05-04,6176.24,6197.00,5995.43,6006.86,62448200,6006.86
2010-05-03,6122.76,6190.07,6089.93,6166.92,30275500,6166.92
2010-04-30,6155.57,6205.72,6085.62,6135.70,68821500,6135.70
2010-04-29,6110.56,6159.41,6073.37,6144.91,64846600,6144.91
2010-04-28,6141.01,6159.02,6024.01,6084.34,77665900,6084.34
2010-04-27,6332.40,6333.00,6159.51,6159.51,56206000,6159.51
2010-04-26,6317.13,6341.52,6299.58,6332.10,35338000,6332.10
2010-04-23,6192.62,6287.54,6170.39,6259.53,42665300,6259.53
2010-04-22,6229.23,6286.36,6141.07,6168.72,61398300,6168.72
2010-04-21,6280.54,6281.38,6229.18,6230.38,46312400,6230.38
2010-04-20,6193.50,6267.54,6172.57,6264.23,42345100,6264.23
2010-04-19,6158.60,6190.86,6140.38,6162.44,38311800,6162.44
2010-04-16,6264.65,6305.40,6162.84,6180.90,80519400,6180.90
2010-04-15,6286.63,6310.76,6249.74,6291.45,31402600,6291.45
2010-04-14,6269.48,6305.15,6249.92,6278.40,33812600,6278.40
2010-04-13,6236.28,6251.46,6199.71,6230.83,28970000,6230.83
2010-04-12,6283.81,6285.03,6223.78,6250.69,24311600,6250.69
2010-04-09,6226.26,6254.49,6216.60,6249.70,30543800,6249.70
2010-04-08,6199.94,6207.14,6138.02,6171.83,30684300,6171.83
2010-04-07,6248.37,6256.40,6208.52,6222.41,28689600,6222.41
2010-04-06,6250.01,6265.32,6214.18,6252.21,29445700,6252.21
2010-04-05,6235.56,6235.56,6235.56,6235.56,000,6235.56
2010-04-01,6189.38,6238.57,6186.59,6235.56,29546500,6235.56
2010-03-31,6139.40,6162.18,6108.23,6153.55,34364600,6153.55
2010-03-30,6187.64,6203.50,6135.51,6142.45,31262900,6142.45
2010-03-29,6150.17,6172.85,6128.21,6156.85,25749600,6156.85
2010-03-26,6125.87,6135.95,6105.67,6120.05,34200900,6120.05
2010-03-25,6043.84,6139.50,6038.05,6132.95,36091500,6132.95
2010-03-24,6038.00,6044.64,5964.76,6039.00,33523800,6039.00
2010-03-23,5987.09,6030.94,5981.35,6017.27,29921800,6017.27
2010-03-22,5960.85,5987.50,5910.85,5987.50,28205900,5987.50
2010-03-19,6031.73,6041.95,5956.65,5982.43,90135600,5982.43
2010-03-18,6005.29,6039.39,5995.68,6012.31,29637800,6012.31
2010-03-17,5999.31,6035.95,5991.21,6024.28,33973300,6024.28
2010-03-16,5935.19,5991.11,5930.34,5970.99,26636800,5970.99
2010-03-15,5933.63,5953.19,5898.22,5903.56,22773300,5903.56
2010-03-12,5944.57,5989.88,5934.15,5945.11,32115200,5945.11
2010-03-11,5913.17,5954.55,5906.84,5928.63,26188100,5928.63
2010-03-10,5882.76,5951.93,5874.75,5936.72,27233400,5936.72
2010-03-09,5872.57,5900.16,5838.17,5885.89,24946200,5885.89
2010-03-08,5891.74,5894.19,5865.44,5875.91,25009000,5875.91
2010-03-05,5816.19,5880.25,5808.36,5877.36,31100200,5877.36
2010-03-04,5773.86,5823.11,5767.65,5795.32,27443200,5795.32
2010-03-03,5759.22,5828.80,5750.30,5817.88,29965900,5817.88
2010-03-02,5728.28,5780.14,5709.74,5776.56,28856200,5776.56
2010-03-01,5652.85,5717.72,5641.18,5713.51,28803000,5713.51
2010-02-26,5588.99,5605.10,5530.19,5598.46,32942100,5598.46
2010-02-25,5562.70,5655.75,5518.27,5532.33,38160100,5532.33
2010-02-24,5622.31,5639.71,5572.25,5615.51,30482300,5615.51
2010-02-23,5715.63,5732.14,5584.47,5604.07,33399600,5604.07
2010-02-22,5741.00,5743.89,5683.61,5688.44,23709800,5688.44
2010-02-19,5627.26,5729.58,5626.57,5722.05,37978900,5722.05
2010-02-18,5645.63,5691.60,5626.08,5680.41,34666100,5680.41
2010-02-17,5640.17,5682.36,5634.98,5648.34,32105200,5648.34
2010-02-16,5573.07,5592.12,5498.07,5592.12,27671800,5592.12
2010-02-15,5525.74,5547.14,5502.49,5511.10,14732800,5511.10
2010-02-12,5550.45,5565.43,5460.05,5500.39,30096300,5500.39
2010-02-11,5562.83,5580.77,5454.07,5503.93,32636900,5503.93
2010-02-10,5533.71,5592.27,5505.37,5536.37,33831200,5536.37
2010-02-09,5485.31,5537.97,5461.51,5498.26,34406000,5498.26
2010-02-08,5476.47,5505.06,5434.40,5484.85,34475500,5484.85
2010-02-05,5515.69,5527.00,5433.02,5434.34,56173500,5434.34
2010-02-04,5671.17,5696.94,5522.57,5533.24,43787300,5533.24
2010-02-03,5715.16,5733.71,5656.90,5672.09,35285100,5672.09
2010-02-02,5664.25,5723.20,5624.61,5709.66,31530300,5709.66
2010-02-01,5587.50,5674.21,5567.72,5654.48,30622000,5654.48
2010-01-29,5566.03,5657.87,5556.19,5608.79,41892900,5608.79
2010-01-28,5687.10,5718.81,5540.33,5540.33,44525700,5540.33
2010-01-27,5643.52,5673.73,5589.01,5643.20,38209400,5643.20
2010-01-26,5593.94,5675.96,5574.46,5668.93,42243000,5668.93
2010-01-25,5662.85,5693.86,5624.58,5631.37,33562000,5631.37
2010-01-22,5735.68,5740.87,5639.49,5695.32,47739600,5695.32
2010-01-21,5878.24,5908.85,5742.45,5746.97,39063300,5746.97
2010-01-20,5963.71,5972.77,5832.09,5851.53,32339400,5851.53
2010-01-19,5905.33,5988.80,5849.67,5976.48,29504500,5976.48
2010-01-18,5897.63,5922.93,5877.65,5918.55,20918000,5918.55
2010-01-15,5996.56,6025.36,5866.84,5875.97,46886700,5875.97
2010-01-14,5999.08,6009.91,5951.69,5988.88,33479000,5988.88
2010-01-13,5937.17,5974.44,5925.24,5963.14,30161300,5963.14
2010-01-12,6039.39,6055.56,5924.72,5943.00,35242500,5943.00
2010-01-11,6057.93,6094.26,6031.14,6040.50,27162500,6040.50
2010-01-08,6028.62,6053.04,5972.24,6037.61,31735200,6037.61
2010-01-07,6016.80,6037.57,5961.25,6019.36,30059600,6019.36
2010-01-06,6032.39,6047.57,5997.09,6034.33,24605300,6034.33
2010-01-05,6043.94,6058.02,6015.67,6031.86,27329600,6031.86
2010-01-04,5975.52,6048.30,5974.43,6048.30,24260800,6048.30
2009-12-30,6002.29,6008.75,5949.45,5957.43,9467800,5957.43
2009-12-29,6010.92,6026.69,6001.22,6011.55,13021500,6011.55
2009-12-28,5977.99,6011.28,5977.99,6002.92,11077100,6002.92
2009-12-23,5966.11,5988.28,5935.14,5957.44,15732300,5957.44
2009-12-22,5939.20,5981.98,5929.67,5945.69,20790700,5945.69
